name,date,available
Chalet Les Méandres (ex Tupilak),0,1
Refuge Le Peuty,0,0
Cabane du Combal,0,0
Auberge la Boërne,0,1
Gîte Le Moulin,0,1
Gîte d'Alpage Les Ecuries de Charamillon,0,1
Gîte Mermoud,0,1
Refuge des Mottets,0,0
Les Chambres du Soleil,0,0
Auberge-Refuge de la Nova,0,0
Refuge de la Balme,0,1
Refuge des Prés,0,1
Refuge de Nant Borrant,0,0
Gîte le Pontet,0,1
Gîte les Mélèzes,0,0
La Ferme à Piron,0,1
Rifugio Maison Vieille,0,1
Auberge du Truc,0,1
Rifugio Monte Bianco CAI Uget,0,1
Hotel Funivia,0,1
Auberge Mont-Blanc,0,0
Hôtel du Col de la Forclaz,0,0
Relais d'Arpette,0,1
Chalet La Grange,0,1
Auberge Gîte Bon Abri,0,1
Hôtel Edelweiss,0,0
Gîte de La Fouly,0,1
Auberge des Glaciers,0,1
Maya-Joie,0,0
Chalet 'Le Dolent',0,0
Gîte La Léchère,0,1
Hotel du Col de Fenêtre,0,1
Gîte Alpage de La Peule,0,1
Hotel Chalet Val Ferret,0,0
Hôtel Lavachey,0,0
Rifugio G. Bertone,0,1
Refuge du Fioux,0,1
Gite le Randonneur du Mont Blanc,0,1
La Grande Ourse,0,0
Gîte Michel Fagot,0,1
Cabane du Combal,1,0
Gîte Michel Fagot,1,1
Refuge Le Peuty,1,1
Auberge la Boërne,1,0
Gîte Le Moulin,1,1
Gîte d'Alpage Les Ecuries de Charamillon,1,1
Gîte Mermoud,1,1
Refuge des Mottets,1,0
Les Chambres du Soleil,1,0
Auberge-Refuge de la Nova,1,0
Refuge de la Balme,1,0
Refuge des Prés,1,1
Refuge de Nant Borrant,1,0
Gîte le Pontet,1,1
Rifugio Maison Vieille,1,0
La Grande Ourse,1,0
Gite le Randonneur du Mont Blanc,1,0
Chalet Les Méandres (ex Tupilak),1,1
Relais d'Arpette,1,1
Chalet La Grange,1,1
Auberge Gîte Bon Abri,1,1
Hôtel Edelweiss,1,1
Gîte de La Fouly,1,0
Auberge des Glaciers,1,1
Maya-Joie,1,0
Gîte les Mélèzes,1,0
Chalet 'Le Dolent',1,0
Hotel du Col de Fenêtre,1,1
Gîte Alpage de La Peule,1,1
Hotel Chalet Val Ferret,1,0
Hôtel Lavachey,1,0
Hotel Funivia,1,1
Rifugio G. Bertone,1,1
Rifugio Monte Bianco CAI Uget,1,1
Gîte La Léchère,1,1
La Ferme à Piron,1,1
Auberge Mont-Blanc,1,1
Hôtel du Col de la Forclaz,1,1
Refuge du Fioux,1,1
Auberge du Truc,1,1
Rifugio Maison Vieille,2,1
Cabane du Combal,2,0
Auberge du Truc,2,1
Auberge la Boërne,2,0
Gîte Michel Fagot,2,1
Refuge Le Peuty,2,1
Gîte Le Moulin,2,1
Gîte d'Alpage Les Ecuries de Charamillon,2,1
Gîte Mermoud,2,1
Refuge des Mottets,2,0
Les Chambres du Soleil,2,0
Auberge-Refuge de la Nova,2,0
Refuge de la Balme,2,1
Refuge des Prés,2,1
Relais d'Arpette,2,1
Auberge Mont-Blanc,2,1
Gite le Randonneur du Mont Blanc,2,0
La Grande Ourse,2,0
Chalet La Grange,2,1
Auberge Gîte Bon Abri,2,1
Hôtel Edelweiss,2,0
Refuge du Fioux,2,1
Gîte de La Fouly,2,1
Auberge des Glaciers,2,1
Maya-Joie,2,0
Refuge de Nant Borrant,2,0
Chalet 'Le Dolent',2,0
Hotel du Col de Fenêtre,2,1
Gîte Alpage de La Peule,2,1
Hotel Chalet Val Ferret,2,0
Hôtel Lavachey,2,0
Hotel Funivia,2,1
Rifugio G. Bertone,2,1
Rifugio Monte Bianco CAI Uget,2,0
Gîte La Léchère,2,1
Gîte le Pontet,2,1
Chalet Les Méandres (ex Tupilak),2,1
La Ferme à Piron,2,1
Hôtel du Col de la Forclaz,2,0
Gîte les Mélèzes,2,0
La Ferme à Piron,3,1
Gite le Randonneur du Mont Blanc,3,1
Auberge Gîte Bon Abri,3,1
La Grande Ourse,3,0
Hôtel Edelweiss,3,1
Rifugio Maison Vieille,3,1
Relais d'Arpette,3,1
Auberge Mont-Blanc,3,0
Gîte de La Fouly,3,1
Refuge des Prés,3,1
Cabane du Combal,3,0
Auberge la Boërne,3,1
Gîte les Mélèzes,3,1
Auberge du Truc,3,1
Gîte Le Moulin,3,0
Gîte Michel Fagot,3,1
Refuge Le Peuty,3,0
Gîte d'Alpage Les Ecuries de Charamillon,3,1
Refuge de la Balme,3,1
Gîte Mermoud,3,1
Refuge des Mottets,3,0
Les Chambres du Soleil,3,0
Chalet Les Méandres (ex Tupilak),3,1
Rifugio Monte Bianco CAI Uget,3,1
Refuge du Fioux,3,1
Auberge-Refuge de la Nova,3,0
Hotel du Col de Fenêtre,3,1
Chalet 'Le Dolent',3,0
Gîte le Pontet,3,1
Gîte Alpage de La Peule,3,0
Hotel Chalet Val Ferret,3,0
Gîte La Léchère,3,1
Auberge des Glaciers,3,1
Hotel Funivia,3,1
Hôtel Lavachey,3,0
Chalet La Grange,3,1
Refuge de Nant Borrant,3,0
Hôtel du Col de la Forclaz,3,0
Rifugio G. Bertone,3,1
Maya-Joie,3,0
Gîte Le Moulin,4,0
Auberge des Glaciers,4,1
Auberge du Truc,4,1
La Ferme à Piron,4,0
Gîte Mermoud,4,1
Chalet 'Le Dolent',4,0
Gîte Michel Fagot,4,1
Refuge Le Peuty,4,0
Les Chambres du Soleil,4,0
Maya-Joie,4,1
Refuge des Mottets,4,0
Gîte d'Alpage Les Ecuries de Charamillon,4,1
Gîte les Mélèzes,4,1
Rifugio Monte Bianco CAI Uget,4,1
Hotel du Col de Fenêtre,4,1
Gite le Randonneur du Mont Blanc,4,1
Auberge Gîte Bon Abri,4,1
Rifugio G. Bertone,4,1
Hôtel Edelweiss,4,1
Auberge-Refuge de la Nova,4,0
Rifugio Maison Vieille,4,1
Hotel Funivia,4,1
Hôtel Lavachey,4,0
Relais d'Arpette,4,1
Hotel Chalet Val Ferret,4,0
Cabane du Combal,4,0
Gîte Alpage de La Peule,4,1
Gîte de La Fouly,4,1
La Grande Ourse,4,0
Auberge la Boërne,4,0
Gîte La Léchère,4,1
Auberge Mont-Blanc,4,0
Chalet Les Méandres (ex Tupilak),4,1
Refuge du Fioux,4,1
Refuge des Prés,4,1
Chalet La Grange,4,0
Refuge de la Balme,4,1
Refuge de Nant Borrant,4,0
Gîte le Pontet,4,1
Hôtel du Col de la Forclaz,4,1
La Ferme à Piron,5,0
Hôtel Lavachey,5,0
Refuge des Mottets,5,0
Hotel Funivia,5,1
La Grande Ourse,5,0
Gîte Le Moulin,5,0
Rifugio G. Bertone,5,1
Maya-Joie,5,1
Chalet La Grange,5,1
Refuge Le Peuty,5,0
Gîte Michel Fagot,5,1
Rifugio Monte Bianco CAI Uget,5,1
Refuge de la Balme,5,0
Gîte Mermoud,5,1
Hotel Chalet Val Ferret,5,0
Refuge de Nant Borrant,5,0
Gite le Randonneur du Mont Blanc,5,1
Auberge Gîte Bon Abri,5,1
Rifugio Maison Vieille,5,1
Hôtel Edelweiss,5,0
Auberge du Truc,5,0
Relais d'Arpette,5,1
Gîte d'Alpage Les Ecuries de Charamillon,5,1
Cabane du Combal,5,0
Refuge des Prés,5,1
Gîte de La Fouly,5,0
Auberge la Boërne,5,0
Gîte les Mélèzes,5,0
Auberge Mont-Blanc,5,0
Chalet Les Méandres (ex Tupilak),5,1
Gîte Alpage de La Peule,5,1
Hôtel du Col de la Forclaz,5,0
Hotel du Col de Fenêtre,5,0
Gîte La Léchère,5,1
Chalet 'Le Dolent',5,0
Auberge des Glaciers,5,1
Refuge du Fioux,5,1
Auberge-Refuge de la Nova,5,0
Les Chambres du Soleil,5,0
Gîte le Pontet,5,1
Chalet Les Méandres (ex Tupilak),6,1
Gîte La Léchère,6,1
Gîte Mermoud,6,1
Relais d'Arpette,6,1
Refuge de Nant Borrant,6,0
Gîte Alpage de La Peule,6,1
Gîte Le Moulin,6,0
Refuge des Prés,6,1
Gite le Randonneur du Mont Blanc,6,1
Refuge du Fioux,6,1
Auberge Gîte Bon Abri,6,1
Chalet La Grange,6,1
Rifugio Maison Vieille,6,1
La Ferme à Piron,6,0
Maya-Joie,6,1
Auberge-Refuge de la Nova,6,0
Cabane du Combal,6,0
Gîte le Pontet,6,0
Auberge du Truc,6,1
Rifugio Monte Bianco CAI Uget,6,1
Refuge de la Balme,6,1
Hotel Chalet Val Ferret,6,0
Gîte de La Fouly,6,0
Gîte les Mélèzes,6,1
Hôtel Lavachey,6,0
Auberge des Glaciers,6,1
Refuge Le Peuty,6,0
Gîte Michel Fagot,6,1
Hôtel du Col de la Forclaz,6,0
Hotel Funivia,6,1
Chalet 'Le Dolent',6,0
Les Chambres du Soleil,6,0
Hotel du Col de Fenêtre,6,1
Rifugio G. Bertone,6,1
Auberge Mont-Blanc,6,0
La Grande Ourse,6,0
Hôtel Edelweiss,6,1
Auberge la Boërne,6,1
Gîte d'Alpage Les Ecuries de Charamillon,6,1
Refuge des Mottets,6,0
Refuge des Prés,7,1
Auberge la Boërne,7,0
Relais d'Arpette,7,1
Chalet La Grange,7,0
Gîte Le Moulin,7,0
Chalet 'Le Dolent',7,0
Auberge des Glaciers,7,1
Auberge Gîte Bon Abri,7,1
Hotel Chalet Val Ferret,7,0
Gîte Alpage de La Peule,7,1
Hôtel Lavachey,7,0
Hotel Funivia,7,1
Rifugio G. Bertone,7,1
Hotel du Col de Fenêtre,7,0
Maya-Joie,7,0
Refuge du Fioux,7,1
Rifugio Monte Bianco CAI Uget,7,1
La Ferme à Piron,7,0
Gîte le Pontet,7,1
Gîte La Léchère,7,1
Chalet Les Méandres (ex Tupilak),7,1
Gite le Randonneur du Mont Blanc,7,1
Hôtel Edelweiss,7,0
Rifugio Maison Vieille,7,1
La Grande Ourse,7,0
Cabane du Combal,7,0
Hôtel du Col de la Forclaz,7,0
Refuge de Nant Borrant,7,0
Gîte Michel Fagot,7,1
Gîte les Mélèzes,7,1
Refuge des Mottets,7,0
Gîte de La Fouly,7,0
Refuge de la Balme,7,1
Gîte Mermoud,7,1
Auberge du Truc,7,1
Refuge Le Peuty,7,0
Auberge-Refuge de la Nova,7,0
Auberge Mont-Blanc,7,0
Gîte d'Alpage Les Ecuries de Charamillon,7,1
Les Chambres du Soleil,7,0
Gite le Randonneur du Mont Blanc,8,0
La Grande Ourse,8,0
Chalet 'Le Dolent',8,0
Rifugio Monte Bianco CAI Uget,8,1
Gîte de La Fouly,8,0
Gîte Mermoud,8,1
Rifugio Maison Vieille,8,1
Gîte les Mélèzes,8,0
Gîte Michel Fagot,8,1
Chalet Les Méandres (ex Tupilak),8,1
Auberge Mont-Blanc,8,0
Refuge de Nant Borrant,8,1
Gîte Le Moulin,8,0
Refuge des Mottets,8,0
Rifugio G. Bertone,8,1
Gîte le Pontet,8,1
La Ferme à Piron,8,0
Refuge du Fioux,8,1
Hotel du Col de Fenêtre,8,1
Les Chambres du Soleil,8,0
Gîte Alpage de La Peule,8,0
Refuge de la Balme,8,1
Hôtel Edelweiss,8,0
Auberge des Glaciers,8,0
Auberge du Truc,8,0
Hôtel Lavachey,8,0
Gîte La Léchère,8,1
Hotel Funivia,8,1
Chalet La Grange,8,1
Hotel Chalet Val Ferret,8,0
Refuge Le Peuty,8,1
Auberge-Refuge de la Nova,8,0
Auberge Gîte Bon Abri,8,1
Hôtel du Col de la Forclaz,8,1
Gîte d'Alpage Les Ecuries de Charamillon,8,1
Refuge des Prés,8,1
Maya-Joie,8,0
Cabane du Combal,8,0
Auberge la Boërne,8,1
Relais d'Arpette,8,1
Auberge-Refuge de la Nova,9,0
Gîte de La Fouly,9,1
Rifugio Monte Bianco CAI Uget,9,0
Refuge de la Balme,9,1
Gîte Alpage de La Peule,9,1
Chalet 'Le Dolent',9,0
Gîte Mermoud,9,1
Hotel du Col de Fenêtre,9,1
Maya-Joie,9,1
Les Chambres du Soleil,9,0
Refuge du Fioux,9,1
La Ferme à Piron,9,1
Hôtel Edelweiss,9,0
Refuge des Mottets,9,0
Auberge la Boërne,9,0
Gîte les Mélèzes,9,0
Hotel Funivia,9,1
Gîte La Léchère,9,1
Refuge des Prés,9,1
Auberge Mont-Blanc,9,0
Hôtel Lavachey,9,0
Auberge Gîte Bon Abri,9,1
Auberge des Glaciers,9,1
Hotel Chalet Val Ferret,9,0
Rifugio G. Bertone,9,0
Gite le Randonneur du Mont Blanc,9,1
Chalet La Grange,9,1
Gîte d'Alpage Les Ecuries de Charamillon,9,1
Auberge du Truc,9,1
Gîte le Pontet,9,1
Cabane du Combal,9,0
Relais d'Arpette,9,1
Gîte Michel Fagot,9,1
Refuge de Nant Borrant,9,0
Hôtel du Col de la Forclaz,9,0
Refuge Le Peuty,9,0
La Grande Ourse,9,1
Gîte Le Moulin,9,1
Chalet Les Méandres (ex Tupilak),9,1
Rifugio Maison Vieille,9,1
Auberge la Boërne,10,0
Hôtel du Col de la Forclaz,10,0
Chalet Les Méandres (ex Tupilak),10,1
Auberge du Truc,10,1
Auberge Gîte Bon Abri,10,1
Rifugio G. Bertone,10,1
Gîte le Pontet,10,1
Gîte La Léchère,10,1
Hotel Funivia,10,1
Gîte de La Fouly,10,1
Cabane du Combal,10,0
La Ferme à Piron,10,1
Refuge du Fioux,10,1
Hotel Chalet Val Ferret,10,0
Gîte Le Moulin,10,0
Refuge Le Peuty,10,1
Gîte les Mélèzes,10,0
Auberge Mont-Blanc,10,0
Hôtel Edelweiss,10,1
Refuge des Prés,10,0
Auberge des Glaciers,10,1
Gîte Michel Fagot,10,1
Rifugio Maison Vieille,10,1
Hôtel Lavachey,10,0
Refuge des Mottets,10,0
Auberge-Refuge de la Nova,10,0
La Grande Ourse,10,0
Les Chambres du Soleil,10,0
Refuge de Nant Borrant,10,1
Chalet 'Le Dolent',10,0
Rifugio Monte Bianco CAI Uget,10,0
Gîte Alpage de La Peule,10,1
Maya-Joie,10,0
Gîte Mermoud,10,1
Relais d'Arpette,10,1
Hotel du Col de Fenêtre,10,0
Chalet La Grange,10,1
Gîte d'Alpage Les Ecuries de Charamillon,10,1
Gite le Randonneur du Mont Blanc,10,1
Refuge de la Balme,10,1
La Ferme à Piron,11,1
Refuge du Fioux,11,1
Chalet La Grange,11,1
Relais d'Arpette,11,1
Refuge de Nant Borrant,11,0
Refuge des Mottets,11,0
Refuge de la Balme,11,1
Hôtel Lavachey,11,0
Gîte Mermoud,11,1
Chalet 'Le Dolent',11,0
Auberge Mont-Blanc,11,0
Hôtel Edelweiss,11,1
Hotel Chalet Val Ferret,11,0
Chalet Les Méandres (ex Tupilak),11,1
Gite le Randonneur du Mont Blanc,11,1
Gîte d'Alpage Les Ecuries de Charamillon,11,1
Refuge des Prés,11,1
Auberge des Glaciers,11,1
Auberge du Truc,11,1
Hôtel du Col de la Forclaz,11,0
Rifugio G. Bertone,11,1
Les Chambres du Soleil,11,0
Auberge la Boërne,11,0
Auberge-Refuge de la Nova,11,0
La Grande Ourse,11,0
Gîte Le Moulin,11,0
Gîte de La Fouly,11,1
Gîte le Pontet,11,1
Rifugio Maison Vieille,11,0
Cabane du Combal,11,1
Gîte Alpage de La Peule,11,1
Maya-Joie,11,1
Rifugio Monte Bianco CAI Uget,11,1
Auberge Gîte Bon Abri,11,1
Hotel Funivia,11,0
Hotel du Col de Fenêtre,11,1
Gîte les Mélèzes,11,1
Refuge Le Peuty,11,0
Gîte La Léchère,11,1
Gîte Michel Fagot,11,1
Chalet Les Méandres (ex Tupilak),12,1
Gîte de La Fouly,12,1
Hotel du Col de Fenêtre,12,1
Les Chambres du Soleil,12,0
Gîte Alpage de La Peule,12,1
Gîte Le Moulin,12,0
Hotel Chalet Val Ferret,12,0
Hôtel du Col de la Forclaz,12,0
Cabane du Combal,12,1
La Grande Ourse,12,0
Auberge du Truc,12,1
Auberge la Boërne,12,0
Auberge Gîte Bon Abri,12,1
Rifugio Monte Bianco CAI Uget,12,1
Gîte d'Alpage Les Ecuries de Charamillon,12,1
Refuge de la Balme,12,1
Gîte le Pontet,12,1
Chalet 'Le Dolent',12,0
Gîte Mermoud,12,1
Refuge de Nant Borrant,12,0
Rifugio Maison Vieille,12,1
Gîte les Mélèzes,12,0
Gîte Michel Fagot,12,1
Refuge Le Peuty,12,0
Gite le Randonneur du Mont Blanc,12,1
Auberge-Refuge de la Nova,12,0
Gîte La Léchère,12,1
Rifugio G. Bertone,12,1
Auberge Mont-Blanc,12,0
Chalet La Grange,12,1
Maya-Joie,12,1
Refuge des Prés,12,1
Hôtel Lavachey,12,0
Refuge des Mottets,12,0
Hôtel Edelweiss,12,1
Relais d'Arpette,12,1
Auberge des Glaciers,12,1
Hotel Funivia,12,0
La Ferme à Piron,12,0
Refuge du Fioux,12,0
Relais d'Arpette,13,1
Chalet 'Le Dolent',13,0
Auberge du Truc,13,1
Gîte La Léchère,13,1
Auberge-Refuge de la Nova,13,0
Maya-Joie,13,1
Hotel du Col de Fenêtre,13,1
Gîte de La Fouly,13,0
Refuge de la Balme,13,1
Gîte d'Alpage Les Ecuries de Charamillon,13,1
Gite le Randonneur du Mont Blanc,13,1
Auberge des Glaciers,13,1
Gîte Michel Fagot,13,1
Cabane du Combal,13,0
Gîte les Mélèzes,13,0
Refuge Le Peuty,13,0
Auberge Mont-Blanc,13,0
Rifugio G. Bertone,13,1
La Ferme à Piron,13,0
Refuge du Fioux,13,1
Refuge des Mottets,13,0
Rifugio Maison Vieille,13,1
La Grande Ourse,13,0
Rifugio Monte Bianco CAI Uget,13,1
Refuge de Nant Borrant,13,0
Hotel Funivia,13,1
Hôtel Edelweiss,13,1
Gîte Mermoud,13,1
Les Chambres du Soleil,13,0
Auberge la Boërne,13,1
Auberge Gîte Bon Abri,13,1
Hôtel Lavachey,13,0
Refuge des Prés,13,1
Gîte Alpage de La Peule,13,1
Chalet Les Méandres (ex Tupilak),13,1
Gîte le Pontet,13,0
Chalet La Grange,13,1
Hotel Chalet Val Ferret,13,0
Gîte Le Moulin,13,0
Hôtel du Col de la Forclaz,13,0
Gîte Mermoud,14,1
Refuge Le Peuty,14,0
Refuge de Nant Borrant,14,1
Rifugio Maison Vieille,14,0
Auberge la Boërne,14,1
Refuge de la Balme,14,1
Gîte de La Fouly,14,1
Maya-Joie,14,0
Cabane du Combal,14,0
Relais d'Arpette,14,1
Auberge du Truc,14,1
Gîte d'Alpage Les Ecuries de Charamillon,14,1
Gîte Le Moulin,14,1
Gîte Alpage de La Peule,14,1
Refuge des Mottets,14,0
Gite le Randonneur du Mont Blanc,14,1
La Grande Ourse,14,0
Hotel du Col de Fenêtre,14,1
Hotel Chalet Val Ferret,14,0
Les Chambres du Soleil,14,0
Chalet Les Méandres (ex Tupilak),14,1
Hôtel du Col de la Forclaz,14,0
Hôtel Lavachey,14,0
Gîte le Pontet,14,1
Auberge Gîte Bon Abri,14,1
Refuge des Prés,14,1
Chalet 'Le Dolent',14,0
Hôtel Edelweiss,14,0
Gîte La Léchère,14,1
Auberge-Refuge de la Nova,14,0
Auberge des Glaciers,14,1
Auberge Mont-Blanc,14,0
Rifugio G. Bertone,14,1
Gîte les Mélèzes,14,1
Rifugio Monte Bianco CAI Uget,14,1
La Ferme à Piron,14,0
Refuge du Fioux,14,1
Gîte Michel Fagot,14,0
Chalet La Grange,14,1
Hotel Funivia,14,1
Auberge des Glaciers,15,1
Gîte de La Fouly,15,1
Auberge du Truc,15,1
Chalet 'Le Dolent',15,0
Gîte Michel Fagot,15,1
Auberge la Boërne,15,1
Gîte Le Moulin,15,1
Gîte d'Alpage Les Ecuries de Charamillon,15,1
Gîte Mermoud,15,1
Refuge des Mottets,15,0
Les Chambres du Soleil,15,0
Cabane du Combal,15,0
Auberge-Refuge de la Nova,15,0
Refuge de la Balme,15,1
Refuge des Prés,15,1
Relais d'Arpette,15,1
Refuge de Nant Borrant,15,0
Gîte le Pontet,15,1
Gîte les Mélèzes,15,1
Auberge Mont-Blanc,15,0
Auberge Gîte Bon Abri,15,1
Maya-Joie,15,0
Refuge Le Peuty,15,0
Gite le Randonneur du Mont Blanc,15,1
Gîte La Léchère,15,1
Hotel du Col de Fenêtre,15,1
Gîte Alpage de La Peule,15,0
Hotel Chalet Val Ferret,15,0
La Grande Ourse,15,0
Hôtel Lavachey,15,0
Chalet Les Méandres (ex Tupilak),15,1
Rifugio Maison Vieille,15,1
Hôtel du Col de la Forclaz,15,1
Hôtel Edelweiss,15,1
Chalet La Grange,15,0
Rifugio G. Bertone,15,1
Rifugio Monte Bianco CAI Uget,15,1
La Ferme à Piron,15,1
Refuge du Fioux,15,1
Hotel Funivia,15,1
Auberge Gîte Bon Abri,16,1
Hôtel Edelweiss,16,1
Auberge du Truc,16,1
Gîte Michel Fagot,16,1
Auberge des Glaciers,16,1
Auberge Mont-Blanc,16,0
Rifugio Maison Vieille,16,0
Cabane du Combal,16,0
Auberge la Boërne,16,0
Gîte Le Moulin,16,1
Gîte d'Alpage Les Ecuries de Charamillon,16,1
Gîte Mermoud,16,1
Refuge des Mottets,16,0
Les Chambres du Soleil,16,0
Auberge-Refuge de la Nova,16,0
Refuge de la Balme,16,1
Refuge des Prés,16,1
Refuge de Nant Borrant,16,0
Relais d'Arpette,16,1
Gîte le Pontet,16,1
Refuge Le Peuty,16,0
Refuge du Fioux,16,1
La Ferme à Piron,16,1
Gite le Randonneur du Mont Blanc,16,1
Maya-Joie,16,1
Chalet 'Le Dolent',16,0
Gîte La Léchère,16,1
Hotel du Col de Fenêtre,16,1
Gîte Alpage de La Peule,16,0
Hotel Chalet Val Ferret,16,0
Hôtel Lavachey,16,0
Gîte de La Fouly,16,1
La Grande Ourse,16,0
Chalet Les Méandres (ex Tupilak),16,1
Hôtel du Col de la Forclaz,16,0
Rifugio G. Bertone,16,1
Chalet La Grange,16,0
Rifugio Monte Bianco CAI Uget,16,0
Gîte les Mélèzes,16,0
Hotel Funivia,16,1
Chalet La Grange,17,1
Relais d'Arpette,17,1
Auberge du Truc,17,1
Hôtel Edelweiss,17,1
Cabane du Combal,17,0
Auberge la Boërne,17,1
Gîte Le Moulin,17,1
Gîte d'Alpage Les Ecuries de Charamillon,17,1
Gîte Mermoud,17,1
Refuge des Mottets,17,0
Les Chambres du Soleil,17,0
Auberge-Refuge de la Nova,17,0
Refuge de la Balme,17,1
Refuge des Prés,17,1
Refuge de Nant Borrant,17,0
Gîte le Pontet,17,1
Gîte les Mélèzes,17,0
La Ferme à Piron,17,0
Auberge Mont-Blanc,17,0
Refuge Le Peuty,17,1
Auberge Gîte Bon Abri,17,1
Rifugio Maison Vieille,17,1
Gite le Randonneur du Mont Blanc,17,1
Gîte de La Fouly,17,1
Auberge des Glaciers,17,0
Maya-Joie,17,0
Chalet 'Le Dolent',17,0
Gîte La Léchère,17,1
Hotel du Col de Fenêtre,17,1
Gîte Alpage de La Peule,17,1
Hotel Chalet Val Ferret,17,0
Hôtel Lavachey,17,0
Hotel Funivia,17,1
La Grande Ourse,17,0
Rifugio G. Bertone,17,1
Chalet Les Méandres (ex Tupilak),17,1
Hôtel du Col de la Forclaz,17,1
Rifugio Monte Bianco CAI Uget,17,1
Refuge du Fioux,17,1
Gîte Michel Fagot,17,1
Hôtel du Col de la Forclaz,18,0
Auberge Mont-Blanc,18,0
Gîte Michel Fagot,18,1
Chalet La Grange,18,1
Auberge la Boërne,18,0
Gîte Le Moulin,18,0
Gîte d'Alpage Les Ecuries de Charamillon,18,1
Gîte Mermoud,18,0
Refuge des Mottets,18,0
Les Chambres du Soleil,18,0
Auberge-Refuge de la Nova,18,0
Refuge de la Balme,18,1
Refuge des Prés,18,1
Refuge de Nant Borrant,18,0
Gîte le Pontet,18,1
Gîte les Mélèzes,18,1
La Ferme à Piron,18,1
Auberge du Truc,18,1
Refuge du Fioux,18,1
Cabane du Combal,18,0
Rifugio Maison Vieille,18,1
Refuge Le Peuty,18,0
Gite le Randonneur du Mont Blanc,18,1
Auberge Gîte Bon Abri,18,1
Hôtel Edelweiss,18,0
Gîte de La Fouly,18,0
Auberge des Glaciers,18,1
Maya-Joie,18,1
Chalet 'Le Dolent',18,0
Gîte La Léchère,18,1
Relais d'Arpette,18,1
Hotel du Col de Fenêtre,18,1
Hotel Chalet Val Ferret,18,0
Hôtel Lavachey,18,0
Hotel Funivia,18,0
Rifugio G. Bertone,18,1
La Grande Ourse,18,0
Rifugio Monte Bianco CAI Uget,18,1
Chalet Les Méandres (ex Tupilak),18,1
Gîte Alpage de La Peule,18,1
La Grande Ourse,19,0
Gite le Randonneur du Mont Blanc,19,0
Hôtel du Col de la Forclaz,19,0
Gîte d'Alpage Les Ecuries de Charamillon,19,1
Gîte Mermoud,19,1
Refuge des Mottets,19,0
Les Chambres du Soleil,19,0
Auberge-Refuge de la Nova,19,0
Refuge de la Balme,19,1
Refuge des Prés,19,0
Refuge de Nant Borrant,19,0
Gîte le Pontet,19,1
Gîte les Mélèzes,19,0
La Ferme à Piron,19,0
Auberge du Truc,19,1
Refuge du Fioux,19,1
Gîte Michel Fagot,19,1
Chalet Les Méandres (ex Tupilak),19,1
Gîte Le Moulin,19,0
Auberge la Boërne,19,0
Cabane du Combal,19,1
Rifugio Maison Vieille,19,1
Relais d'Arpette,19,1
Chalet La Grange,19,1
Auberge Gîte Bon Abri,19,1
Hôtel Edelweiss,19,1
Gîte de La Fouly,19,0
Auberge des Glaciers,19,1
Maya-Joie,19,1
Auberge Mont-Blanc,19,0
Chalet 'Le Dolent',19,0
Hotel du Col de Fenêtre,19,1
Gîte Alpage de La Peule,19,1
Hotel Chalet Val Ferret,19,0
Hôtel Lavachey,19,0
Hotel Funivia,19,0
Rifugio G. Bertone,19,1
Rifugio Monte Bianco CAI Uget,19,1
Gîte La Léchère,19,1
Refuge Le Peuty,19,0
source,0,1
source,1,0
source,2,0
source,3,0
source,4,0
source,5,0
source,6,0
source,7,0
source,8,0
source,9,0
source,10,0
source,11,0
source,12,0
source,13,0
source,14,0
source,15,0
source,16,0
source,17,0
source,18,0
source,19,0
target,0,1
target,1,1
target,2,1
target,3,1
target,4,1
target,5,1
target,6,1
target,7,1
target,8,1
target,9,1
target,10,1
target,11,1
target,12,1
target,13,1
target,14,1
target,15,1
target,16,1
target,17,1
target,18,1
target,19,1
